﻿Id,Subject.Id,Subject.Name,Year.Id,Year.Name,Term.Id,Term.Name,Color,Module,Room,Building,TeacherName,Type,Date,StartTime,EndTime,StartDate,EndDate
d34dbb4f-09a8-4f7f-bf76-ee3508519a35,7b709603-2722-4289-9ce9-2180a7069a5e,Dansk,f96212fd-5854-44af-be0d-05d8b05ca016,2020 - 2021,,,0,,Decimen,Skolehuset,Line,Recurring,,,,,
bd5e7946-70df-4e1e-ba82-f5f665807305,617d69da-e092-4db0-a48c-1c10ef764766,Engelsk,f96212fd-5854-44af-be0d-05d8b05ca016,2020 - 2021,,,2,,Decimen,Skolehuset,Marie-Louise,Recurring,,,,,
478e392e-eaf3-4e7e-9224-e653d035b687,b08bc67c-28cd-4cc6-b553-52d718a5f519,Fysik / Kemi,f96212fd-5854-44af-be0d-05d8b05ca016,2020 - 2021,,,10,,Tritonussen,Værkstedet,Lars,Recurring,,,,,
77253961-eb7b-4871-aa22-cbb52f76a08b,fd0810b7-1095-4345-b727-2bc37e4592d5,Geografi / Biologi,f96212fd-5854-44af-be0d-05d8b05ca016,2020 - 2021,,,13,,Tritonussen,Værkstedet,Lars,Recurring,,,,,
cd48c72e-0822-4e18-b515-afc2a915c4d7,e330a4db-b137-4176-a081-df73bd9ed98c,Idræt,f96212fd-5854-44af-be0d-05d8b05ca016,2020 - 2021,,,4,,,Hallen,Mathias & Tove,Recurring,,,,,
0defe42a-9096-4367-bf8e-02e5c4814e93,4cc81212-41d0-424e-8af0-7221fc1facee,Matematik,f96212fd-5854-44af-be0d-05d8b05ca016,2020 - 2021,,,5,,Decimen,Skolehuset,Lars,Recurring,,,,,
504ced75-7a5b-45a9-b1a3-f8288644a24e,5afa3037-b2da-469a-a9c9-beb7c23269ae,Samfundsfag,f96212fd-5854-44af-be0d-05d8b05ca016,2020 - 2021,,,3,,,Høresalen,Mathias,Recurring,,,,,
cf933d14-7e6f-43e0-8e43-1899c72416f1,974ec042-b0b9-444d-a2bb-ea5353d12bca,Tysk,f96212fd-5854-44af-be0d-05d8b05ca016,2020 - 2021,,,1,,Decimen,Skolehuset,Jack,Recurring,,,,,
0a9e4de5-eb6a-4c8f-bdbe-863cf547708f,5e0d7132-9e29-419a-a23f-7100c3c06cdd,Musik - Hørelære,f96212fd-5854-44af-be0d-05d8b05ca016,2020 - 2021,,,9,,,Værkstedet,Mathias,Recurring,,,,,
21366dac-6c1b-4cd0-839c-1d4184bcc6ff,b157ba8f-d338-4d17-adb2-8e170ba38e40,Musik - Teori,f96212fd-5854-44af-be0d-05d8b05ca016,2020 - 2021,,,6,,,Værkstedet,Mathias,Recurring,,,,,
327cbc69-181e-40ff-b78f-a7ef968a3a71,505ef183-f81e-4daa-abb7-93af71731855,Musik - Violin,f96212fd-5854-44af-be0d-05d8b05ca016,2020 - 2021,,,8,,,Biblioteket,Sofie,Recurring,,,,,
dffd79d7-6106-4843-a46c-a957d7d2e52b,1c0022ef-bdc5-4d1b-a87c-e1a724bc4025,Støtte,f96212fd-5854-44af-be0d-05d8b05ca016,2020 - 2021,,,14,,,Biblioteket,Line,Recurring,,,,,
