﻿Id,Class.Id,Class.Name,StartTime,EndTime,Days,RotationWeek,RotationDays,Room,Building,TeacherName
4659cd38-821f-eb11-9fb4-000d3a214289,d34dbb4f-09a8-4f7f-bf76-ee3508519a35,Dansk,08:35:00,10:00:00,"Mon, Thu",,,Decimen,Skolehuset,Line
4759cd38-821f-eb11-9fb4-000d3a214289,d34dbb4f-09a8-4f7f-bf76-ee3508519a35,Dansk,10:30:00,12:00:00,Fri,,,Decimen,Skolehuset,Line
48f7d11e-831f-eb11-9fb4-000d3a214289,bd5e7946-70df-4e1e-ba82-f5f665807305,Engelsk,12:45:00,14:15:00,Mon,,,Decimen,Skolehuset,Marie-Louise
49f7d11e-831f-eb11-9fb4-000d3a214289,bd5e7946-70df-4e1e-ba82-f5f665807305,Engelsk,10:30:00,12:00:00,Tue,,,Decimen,Skolehuset,Marie-Louise
8350328d-831f-eb11-9fb4-000d3a214289,478e392e-eaf3-4e7e-9224-e653d035b687,Fysik / Kemi,14:30:00,16:45:00,Thu,,,Tritonussen,Værkstedet,Lars
638f0fbf-831f-eb11-9fb4-000d3a214289,77253961-eb7b-4871-aa22-cbb52f76a08b,Geografi / Biologi,08:35:00,10:00:00,Tue,,,Tritonussen,Værkstedet,Lars
d38f3211-841f-eb11-9fb4-000d3a214289,cd48c72e-0822-4e18-b515-afc2a915c4d7,Idræt,16:15:00,17:30:00,Mon,,,,Hallen,Mathias & Tove
97cfe473-841f-eb11-9fb4-000d3a214289,0defe42a-9096-4367-bf8e-02e5c4814e93,Matematik,10:30:00,12:00:00,Thu,,,Decimen,Skolehuset,Lars
98cfe473-841f-eb11-9fb4-000d3a214289,0defe42a-9096-4367-bf8e-02e5c4814e93,Matematik,08:35:00,10:00:00,Fri,,,Decimen,Skolehuset,Lars
9548f8c1-841f-eb11-9fb4-000d3a214289,504ced75-7a5b-45a9-b1a3-f8288644a24e,Samfundsfag,14:30:00,16:00:00,Mon,,,,Høresalen,Mathias
8af091ff-841f-eb11-9fb4-000d3a214289,cf933d14-7e6f-43e0-8e43-1899c72416f1,Tysk,10:30:00,12:00:00,Mon,,,Decimen,Skolehuset,Jack
8bf091ff-841f-eb11-9fb4-000d3a214289,cf933d14-7e6f-43e0-8e43-1899c72416f1,Tysk,13:15:00,14:45:00,Fri,,,Decimen,Skolehuset,Jack
68bf6b5b-851f-eb11-9fb4-000d3a214289,0a9e4de5-eb6a-4c8f-bdbe-863cf547708f,Musik - Hørelære,11:15:00,12:00:00,Wed,,,,Værkstedet,Mathias
8ea1a87a-851f-eb11-9fb4-000d3a214289,21366dac-6c1b-4cd0-839c-1d4184bcc6ff,Musik - Teori,15:30:00,16:15:00,Tue,,,,Værkstedet,Mathias
bac730a6-851f-eb11-9fb4-000d3a214289,327cbc69-181e-40ff-b78f-a7ef968a3a71,Musik - Violin,17:15:00,18:00:00,Tue,,,,Biblioteket,Sofie
8e7a49d3-851f-eb11-9fb4-000d3a214289,dffd79d7-6106-4843-a46c-a957d7d2e52b,Støtte,16:00:00,18:00:00,Thu,,,,Biblioteket,Line
