﻿Id,Name,Color,Year.Id,Year.Name,Term.Id,Term.Name
7b709603-2722-4289-9ce9-2180a7069a5e,Dansk,0,,,,
974ec042-b0b9-444d-a2bb-ea5353d12bca,Tysk,1,,,,
617d69da-e092-4db0-a48c-1c10ef764766,Engelsk,2,,,,
5afa3037-b2da-469a-a9c9-beb7c23269ae,Samfundsfag,3,,,,
e330a4db-b137-4176-a081-df73bd9ed98c,Idræt,4,,,,
fd0810b7-1095-4345-b727-2bc37e4592d5,Geografi / Biologi,13,,,,
4cc81212-41d0-424e-8af0-7221fc1facee,Matematik,5,,,,
b08bc67c-28cd-4cc6-b553-52d718a5f519,Fysik / Kemi,10,,,,
b157ba8f-d338-4d17-adb2-8e170ba38e40,Musik - Teori,6,,,,
5e0d7132-9e29-419a-a23f-7100c3c06cdd,Musik - Hørelære,9,,,,
505ef183-f81e-4daa-abb7-93af71731855,Musik - Violin,8,,,,
1c0022ef-bdc5-4d1b-a87c-e1a724bc4025,Støtte,14,,,,
