﻿Id,SubjectId,Subject.Name,Type,DueDate,Title,Detail,Progress,CompletedDate,Exam.Id,Exam.Name
44c88bfe-6816-43c6-93ce-18beb19e3e0a,974ec042-b0b9-444d-a2bb-ea5353d12bca,Tysk,Assignment,2020/11/06,Samtaler,Mundtlig samtaler med Jack,100 %,2020/11/06 13:35:51,,
55a05501-4fd8-4a73-ad73-164aa2cda186,7b709603-2722-4289-9ce9-2180a7069a5e,Dansk,Assignment,2020/11/12,Fremlæggelse,,100 %,2020/11/12 09:49:08,,
2656b0b2-1c31-4c0b-a940-a4492f7b1bb8,b157ba8f-d338-4d17-adb2-8e170ba38e40,Musik - Teori,Assignment,2020/11/10,Opgaver,"IB side 28 øvelse 4-5

Færdiggør harmonisk analyse og funktionsanalyse af Min Jesus, lad mit hjerte få",100 %,2020/11/10 20:11:23,,
b8f2ec9e-aab2-4c0a-9444-7fcb8823208a,5e0d7132-9e29-419a-a23f-7100c3c06cdd,Musik - Hørelære,Assignment,2020/11/11,Opgave,"Rytmer: løsark side 25 øvelse 25

Bladsang: IB side 50 øvelse 4-5",100 %,2020/11/05 17:53:18,,
cdba688d-6af4-4161-a246-a600b506ff44,1c0022ef-bdc5-4d1b-a87c-e1a724bc4025,Støtte,Assignment,2020/11/12,Fremlæggelse,"Forbered en fremlæggelse på max 5 min.
I vælger selv emnet.
Tænk over, hvordan i gerne vil fremlægge - indholdet er knap så vigtigt, vi skal træne præsentation færdigheder.
I behøver ikke en Powerpoint eller lignende.",100 %,2020/11/12 15:29:19,,
c849624d-2f92-4f5c-920e-fbd6cba807ca,974ec042-b0b9-444d-a2bb-ea5353d12bca,Tysk,Assignment,2020/11/13,Wir wollen anders sein,"Vi gennemgår:

""Wir wollen anders sein"" + jeres lille tale om, hvor du vil være anderledes eller hvad du vil gøre anderledes (må ikke handle om musik) - du skal tale på tysk
grammatik nr.2",100 %,2020/11/13 16:58:12,,
3146dc88-16cb-4a52-b9e2-e8e96830dd14,617d69da-e092-4db0-a48c-1c10ef764766,Engelsk,Reminder,2020/11/10,Film,"I timen skal vi se filmen 'This is England' færdig.

Til jer, der ikke var der i tirsdags: Vi har set de første 21 minutter. Filmen ligger på Filmstriben, hvor I kan se den via jeres almindelige bibliotekslånerkort. Se selv de første 21 min. inden timen.",100 %,2020/11/09 18:32:35,,
95b83a66-0f75-4b89-a11c-511fb27ec1e1,505ef183-f81e-4daa-abb7-93af71731855,Musik - Violin,Assignment,2020/11/24,Øv,Sicilienne - Du får et nyt stykke,100 %,2020/11/24 08:49:35,,
621fae79-b4ea-4545-9b6c-b07f26f1e737,617d69da-e092-4db0-a48c-1c10ef764766,Engelsk,Reminder,2020/11/23,Film,Vi ser filmen This is England færdig og arbejder med spørgsmål arket,100 %,2020/11/20 21:19:15,,
db360622-2bbe-4b8e-b4b6-80f881f37136,fd0810b7-1095-4345-b727-2bc37e4592d5,Geografi / Biologi,Assignment,2020/11/20,Biologi,Læs resten af biologi - økologikapitlet,100 %,2020/11/20 21:19:48,,
2de14de4-71bf-4c7c-bab4-8265fa4663c3,b157ba8f-d338-4d17-adb2-8e170ba38e40,Musik - Teori,Assignment,2020/11/20,Opgaver,"Ib side 28 øvelse 6-7

IO side 9",100 %,2020/11/20 21:19:51,,
1d6c3ed5-402f-46fb-9ac6-ef5b93ab9525,5e0d7132-9e29-419a-a23f-7100c3c06cdd,Musik - Hørelære,Assignment,2020/11/25,Opgaver,"Rytmer: side 25 øvelse 26

Mester Jakob på tonenavne i C-dur",100 %,2020/11/25 10:18:26,,
7be02185-bea0-45e4-ac55-560f2108350d,7b709603-2722-4289-9ce9-2180a7069a5e,Dansk,Assignment,2020/11/26,Intro,"1. Find to sange, som I elsker at synge i fællesskab.

2. Præsenter sangene og hvorfor de er gode at synge i fællesskab

3. Hvilke følelser/stemning bringer sangene frem, når de bliver sunget?

4. Hvorfor tror I, at vi i Danmark har en stærk tradition for fællessang?",100 %,2020/11/26 14:10:47,,
acfd6dde-2b85-4856-b1b0-bf5af7dca45f,974ec042-b0b9-444d-a2bb-ea5353d12bca,Tysk,Assignment,2020/11/30,Mannis Sandalen,"Vi gennemgår: ""Mannis Sandalen"". Du skal forstå handlingen og kunne snakke med om, hvordan folk reagerer på Manni, når de møder ham.",100 %,2020/11/30 14:59:19,,
8028b459-d155-499d-b1df-c4e52cebe061,617d69da-e092-4db0-a48c-1c10ef764766,Engelsk,Assignment,2020/11/30,About Rules,"Aflever ca. 1/2 side (ca. 1000 tegn, incl. mellemrum) til opgaven ""About rules"" fra nederste højre hjørne af ""Life Behind Bars - Tasks"". Print ud og skriv navn på.",100 %,2020/11/30 14:59:22,,
7797da55-b95f-4264-9bc6-97164db80633,5afa3037-b2da-469a-a9c9-beb7c23269ae,Samfundsfag,Assignment,2020/11/30,Hvordan velfærd,"Til i dag skal i have læst teksten ""Hvordan velfærd"" igen, samt besvaret spørgsmålene til teksten OG skrevet dem ned, så du kan huske dem. Vi snakker om svarene næste gang.

Derudover skal i fremlægge jeres ""billeder på velfærd""",100 %,2020/11/30 14:59:32,,
5fa78a02-8438-4eae-813f-6389bbbabfc0,7b709603-2722-4289-9ce9-2180a7069a5e,Dansk,Assignment,2020/12/04,Lyrik Analyse - Upload på ViGGO,"Brug analysecirklen på gyldendal til lyrikanalyse.


Analyser de to digte:

Adam Oehlenschlager: ""Der er et yndigt land""

N.F.S. Grundtvig: ""Dejlig er den himmel blå""

Vælg 3 strofer i hver digt at analysere.


Skriv opgaven som en sammenhængende tekst med underoverskrifter. Indsæt de tre strofer fra hver digt, som I analyserer.

",100 %,2020/12/06 15:07:35,,
72f594a3-7a36-438c-b3da-4707d3d40d23,617d69da-e092-4db0-a48c-1c10ef764766,Engelsk,Assignment,2020/12/01,Find mistakes - Without the answers,"Rette fejlene i de 4 opgaver ""Find mistakes - Without the answers"". Prøv først uden ordbog. Vi snakker om opgaven på klassen.",100 %,2020/12/01 20:02:13,,
f446372d-4e20-4fc1-912f-4dbc4a1505ae,505ef183-f81e-4daa-abb7-93af71731855,Musik - Violin,Reminder,2020/12/01,AFLYST,,100 %,2020/12/01 11:30:47,,
c8996300-cf6c-4275-8b53-52b5ea91da74,7b709603-2722-4289-9ce9-2180a7069a5e,Dansk,Reminder,2020/12/07,Julelyrik,"I skal skrive et juledigt eller en julesang/salme

I skal enten:

1. Skrive en ny tekst til en allerede eksisterende julesang/salme. Den skal følge den allerede eksisterende melodi og rimskema.

2. Skrive en helt ny julesang/salme med vers og et rimskema, der følger en klar struktur fx ABAB, AABB, ABBA. I vælger selv, om I vil komponere en melodi til.

3. Skrive et juledigt, der ikke har en tilhørende melodi eller et nødvendigt rimskema. Her vælger I altså selv, om digtet skal rime.



Ligegyldigt hvilken opgave I vælger, så skal I tænke over følgende:

1. Tekstens tema/budskab. Hvordan handler den om jul?

2. Valg af ord/ordklasser - Det skal altså enten være lyrisk (melodisk /beskrivende) eller episk (handling).



Teksten skal fremføres på fredag. I får også timerne på torsdag til at arbejde med opgaven. I vælger selv, om I vil arbejde i grupper.",100 %,2020/12/07 08:01:46,,
10fb17de-e592-4bf2-83a2-191b58209557,7b709603-2722-4289-9ce9-2180a7069a5e,Dansk,Reminder,2020/12/10,Julelyrik,"I skal skrive et juledigt eller en julesang/salme

I skal enten:

1. Skrive en ny tekst til en allerede eksisterende julesang/salme. Den skal følge den allerede eksisterende melodi og rimskema.

2. Skrive en helt ny julesang/salme med vers og et rimskema, der følger en klar struktur fx ABAB, AABB, ABBA. I vælger selv, om I vil komponere en melodi til.

3. Skrive et juledigt, der ikke har en tilhørende melodi eller et nødvendigt rimskema. Her vælger I altså selv, om digtet skal rime.



Ligegyldigt hvilken opgave I vælger, så skal I tænke over følgende:

1. Tekstens tema/budskab. Hvordan handler den om jul?

2. Valg af ord/ordklasser - Det skal altså enten være lyrisk (melodisk /beskrivende) eller episk (handling).



Teksten skal fremføres på fredag. I får også timerne på torsdag til at arbejde med opgaven. I vælger selv, om I vil arbejde i grupper.",100 %,2020/12/10 08:28:10,,
bb30f829-0d11-4fc2-aa35-f3e7ecebc384,7b709603-2722-4289-9ce9-2180a7069a5e,Dansk,Assignment,2020/12/11,Julelyrik,"I skal skrive et juledigt eller en julesang/salme

I skal enten:

1. Skrive en ny tekst til en allerede eksisterende julesang/salme. Den skal følge den allerede eksisterende melodi og rimskema.

2. Skrive en helt ny julesang/salme med vers og et rimskema, der følger en klar struktur fx ABAB, AABB, ABBA. I vælger selv, om I vil komponere en melodi til.

3. Skrive et juledigt, der ikke har en tilhørende melodi eller et nødvendigt rimskema. Her vælger I altså selv, om digtet skal rime.



Ligegyldigt hvilken opgave I vælger, så skal I tænke over følgende:

1. Tekstens tema/budskab. Hvordan handler den om jul?

2. Valg af ord/ordklasser - Det skal altså enten være lyrisk (melodisk /beskrivende) eller episk (handling).



Teksten skal fremføres på fredag. I får også timerne på torsdag til at arbejde med opgaven. I vælger selv, om I vil arbejde i grupper.",100 %,2020/12/11 08:06:28,,
972d519c-96f2-49e4-9864-02bb2dc3d3a3,617d69da-e092-4db0-a48c-1c10ef764766,Engelsk,Assignment,2020/12/08,Dicing with Death,"Read the text ""Dicing with Death"" (in the folder Challenges)",100 %,2020/12/08 10:30:33,,
e232e3fa-6ae5-4f79-903d-2fec8c6e6795,b157ba8f-d338-4d17-adb2-8e170ba38e40,Musik - Teori,Assignment,2020/12/08,IO - side 11,IO (Ivan Olsen & Niels Tilma - Musikskolernes Harmonilære) side 11,100 %,2020/12/08 17:54:18,,
cdadbf4b-90e2-43bc-a44b-16419d2e401a,5afa3037-b2da-469a-a9c9-beb7c23269ae,Samfundsfag,Assignment,2021/01/11,samfundsfag,https://samfundsfag.gyldendal.dk/forloeb/velfaerd/kapitler/holdninger-til-velfaerd/tillid-og-solidaritet,100 %,2021/01/12 10:45:06,,
6aceb15e-5067-4cce-b4e4-74dfb91425df,7b709603-2722-4289-9ce9-2180a7069a5e,Dansk,Assignment,2021/03/08,Fremlæggelser,"Fremlæggelser:



Alma

Andrew

Barbara

Benedikte

Halfdan

Ida

Isabella",0 %,,,
8c6ec6e7-5cc3-41d5-9f0c-63a00d92c54b,617d69da-e092-4db0-a48c-1c10ef764766,Engelsk,Assignment,2021/03/08,Presentations,Presentations! Yay!,90 %,,,
3f5ce993-9a47-494a-a5ab-74eed38061f1,5afa3037-b2da-469a-a9c9-beb7c23269ae,Samfundsfag,Assignment,2021/03/08,Plan,"LEKTIER:

Lav en oversigt over, hvor du får dine nyheder fra.
Opstil dem i rækkefølge, så den kilde, du bruger mest, står først, og den kilde, du bruger mindst, står sidst.
Fremlæg oversigten i klassen. Hvad viser jeres oversigter om jeres medievaner? Og hvorfor er det sådan?
https://samfundsfag.gyldendal.dk/forloeb/medier-og-demokrati



Plan for dagen:

Aktuelt med Barbara og Aksel
Medier",50 %,,,
e3c90c96-f638-45e7-a733-f104fa23dc90,e330a4db-b137-4176-a081-df73bd9ed98c,Idræt,Assignment,2021/03/08,Dans og udtryk,Dans og udtryk,50 %,,,
5ce05d48-1d56-4b58-9f30-91b634d523f3,b157ba8f-d338-4d17-adb2-8e170ba38e40,Musik - Teori,Assignment,2021/03/09,Opgaver,Lav opgaven fra d. 2. marts færdig.,0 %,,,
04bb2409-18b1-40e6-b1a4-b5090432e48f,7b709603-2722-4289-9ce9-2180a7069a5e,Dansk,Assignment,2021/03/11,Fremlæggelser,"Fremlæggelser:



Jeppe

Kristine

Maja

Marie

Theobob

Tjalfe",0 %,,,
